name,phone
Kaseem,3136909181
Donna,3025263365
Ulysses,3215576392
Meredith,3282022668
Raphael,3179285211
Kirk,3016467136
Ina,3114825518
Hedy,3033157117
Victor,3216881935
Leo,3131947830
Kirk,3112325327
Kaseem,3228263627
Kennan,3242334953
Jaquelyn,3284822355
Clark,3123813261
Laura,3125356261
Nayda,3085588304
Tanya,3225239382
Zachery,3039361234
Lamar,3043981815
Xena,3117325624
Perry,3110597774
Honorato,3067174308
Diana,3248559921
Castor,3128564411
Malik,3118332038
Gabriel,3127339822
Petra,3141544774
Unity,3167293723
Iris,3248268253
Sade,3218542196
Pascale,3110359330
Moana,3280486444
Theodore,3075874458
Jenette,3044434622
Phyllis,3185802973
Barclay,3161450659
Brock,3041498937
Alec,3057187543
Channing,3021242442
Jarrod,3136296529
Kirsten,3057107142
Julie,3011310312
Meredith,3058258862
Clinton,3150433062
Mohammad,3042715314
Yeo,3287569310
Jaden,3068805477
Melissa,3045212753
Gavin,3275484537
Clark,3046630063
Jason,3262457630
Suki,3192515215
Tanner,3093732183
Olga,3068851861
Lamar,3242688430
Rosalyn,3250363872
Malcolm,3212967233
Shellie,3034127783
Lane,3032149264
Martin,3003189859
Lee,3124466538
Nerea,3211777852
Mariam,3035846380
Desirae,3080874889
Ignatius,3106821875
Dara,3205346152
Reese,3151328271
Galvin,3045529341
Bradley,3093435883
Clementine,3070255482
Salvador,3041893387
Jerome,3193544471
Wynter,3033108758
Keegan,3293330575
Marshall,3290072218
Lucy,3138171482
Wynne,3053464235
Owen,3013526851
Boris,3161298098
Chloe,3266213785
Frances,3286734787
Myles,3019934891
Ulric,3015593038
Katell,3122383167
Denton,3124334624
Basia,3063805135
Karina,3156933874
Emerald,3038013588
Lucas,3181822139
Luke,3025508747
Thomas,3283253336
Harlan,3241119125
Eaton,3150263926
Courtney,3237765070
Shana,3068773976
Felix,3142684603
Roth,3261723272
Kay,3163546433
Orli,3152594581
